team,official,nickname,color1,color2,color3,color4,conference,subdivision,address,lat,lonAbilene Christian,Abilene Christian University,Wildcats,,,,,Independent,FCS,,,Air Force,United States Air Force Academy,Falcons,#0061AA,#FFFFFF,,,Mountain West,FBS,"2304 Cadet Drive Suite 3800, U.S. Air Force Academy, CO 80840-5002",39.0082911,-104.8904006Akron,University of Akron,Zips,#000E41,#C29C41,#FFFFFF,,Mid-American,FBS,"302 Buchtel Common, Akron, OH, 44325-4702",41.0763656,-81.5102535Alabama,The University of Alabama,Crimson Tide,#A80532,#FFFFFF,#CACCCE,,SEC,FBS,"739 University Blvd, Tuscaloosa, AL, 35487-0166",33.2095901,-87.5463678Alabama A&M,Alabama Agricultural and Mechanical University,Bulldogs,#750000,#FFFFFF,,,SWAC,FCS,,,Alabama State,Alabama State University,Hornets,#FECB09,#231F20,#FFFFFF,,SWAC,FCS,,,Albany,State University of New York at Albany,Great Danes,#3D2777,#FCBB0D,#FFFFFF,,Colonial Athletic Association,FCS,,,Alcorn State,Alcorn State University,Braves,#42094A,#FFFFFF,#FCF5BA,,SWAC,FCS,,,Appalachian State,Appalachian State University,Mountaineers,#000000,#FFC520,#FFFFFF,,Southern,FCS,,,Arizona,University of Arizona,Wildcats,#003559,#BB003A,#FFFFFF,,Pac-12,FBS,"1401 E University, Tucson, AZ, 85721-0066",32.231871,-110.954822Arizona State,Arizona State University,Sun,#96203D,#FEC927,#FFFFFF,,Pac-12,FBS,"PO Box 877705, Tempe, AZ, 85287-7705",33.4183159,-111.9311939Arkansas,University of Arkansas,Razorbacks,#CD1041,#231F20,#FFFFFF,,SEC,FBS,"Administration Bldg 425, Fayetteville, AR, 72701",36.0700245,-94.1768949Arkansas State,Arkansas State University,Red,#ED1B2E,#FFFFFF,#231F20,#C8C7C7,Sun Belt,FBS,"2105 E. Aggie Road, State University, AR, 72467",35.8427962,-90.6818907Arkansas-Pine Bluff,University of Arkansas at Pine Bluff,Golden,#000000,#EEBB00,#FFFFFF,,SWAC,FCS,,,Army,United States Military Academy,Black Knights,#D19D00,#000000,#FFFFFF,,Independent,FBS,,,Auburn,Auburn University,Tigers,#172240,#FE3300,#FFFFFF,,SEC,FBS,"Auburn University, Auburn, AL, 36849",32.6005991,-85.4865371Austin Peay,Austin Peay State University,Governors,#8E0B0B,#FFFFFF,,,Ohio Valley,FCS,,,Ball State,Ball State University,Cardinals,#DA0000,#FFFFFF,#000000,,Mid-American,FBS,"2000 University Ave, Muncie, IN, 47306",40.1972321,-85.4088412Baylor,Baylor University,Bears,#008649,#FFC227,#FFFFFF,,Big 12,FBS,"500 Speight Ave., Waco, TX, 76798",31.5447389,-97.1183626Bethune-Cookman,Bethune-Cookman College,Wildcats,#841B35,#FFFFFF,#FEB65F,,MEAC,FCS,,,Boise State,Boise State University,Broncos,#2D4492,#F27E34,#FFFFFF,,Mountain West,FBS,"1910 University Dr, Boise, ID, 83725",43.6056603,-116.2059975Boston College,Boston College,Eagles,#821E1E,#000000,#EEE8B7,#FFFFFF,ACC,FBS,"140 Commonwealth Avenue, Chestnut Hill, MA, 2467",42.3397737,-71.1667023Bowling Green,Bowling Green State University,Green Falcons,#4E2400,#F5793F,#FFFFFF,,Mid-American,FBS,"220 McFall Ctr, Bowling Green, OH, 43403",41.3754306,-83.6409484Brown,Brown University,Bears,#543019,#8A1E04,#FFFFFF,#000000,Ivy League,FCS,,,Bryant University,Bryant College,Bulldogs,#702D07,#231F20,#A59474,,NEC,FCS,,,Bucknell,Bucknell University,Bison,#000064,#FF7000,#FFFFFF,,Patriot League,FCS,,,Buffalo,State University of New York at Buffalo,Bulls,#0068B4,#FFFFFF,#000000,,Mid-American,FBS,"3435 Main Street, Buffalo, NY, 14214",42.9563819,-78.8200287Butler,Butler University,Bulldogs,#0D1361,#FFFFFF,#000000,,Pioneer Football,FCS,,,BYU,Brigham Young University,Cougars,#002D62,#FFFFFF,,,Independent,FBS,"Main Campus, Provo, UT, 84602",40.25034,-111.644815Cal Poly,California Polytechnic State University: San Luis Obispo,Mustangs,#123C31,#FFF1D0,#FFFFFF,,Big Sky,FCS,,,California,University of California: Berkeley,Golden Bears,#003768,#FFDE30,#FFFFFF,,Pac-12,FBS,"200 California Hall, Berkeley, CA, 94720",37.868979,-122.266073Campbell,Campbell University,Fighting Camels,#000000,#FF8931,#FFFFFF,,Pioneer Football,FCS,,,Central Arkansas,University of Central Arkansas,Bears,#4F2683,#FFFFFF,#939BA1,,Southland,FCS,,,Central Connecticut,Central Connecticut State University,Blue Devils,#1B49A2,#FFFFFF,,,NEC,FCS,,,Central Michigan,Central Michigan University,Chippewas,#780006,#FFFFFF,#E2A253,,Mid-American,FBS,"Rose 100, Mount Pleasant, MI, 48859",43.5809886,-84.7743112Charleston Southern,Charleston Southern University,Buccaneers,#00447C,#FFFFFF,,,Big South,FCS,,,Chattanooga,University of Tennessee: Chattanooga,Mocs,#EEB311,#00437B,#FFFFFF,,Southern,FCS,,,Cincinnati,University of Cincinnati,Bearcats,#000000,#FD0026,#FFFFFF,,American Athletic,FBS,"2624 Clifton Avenue, Cincinnati, OH, 45221-0063",39.1341049,-84.518981Clemson,Clemson University,Tigers,#F06014,#FFFFFF,#441F6F,,ACC,FBS,"201 Sikes Hall, Clemson, SC, 29634",34.6794194,-82.8350733Coastal Carolina,Coastal Carolina University,Chanticleers,#009297,#FFFFFF,#373434,#D59C3A,Big South,FCS,,,Colgate,Colgate University,Raiders,#8B011D,#FFFFFF,#241F20,,Patriot League,FCS,,,Colorado,University of Colorado at Boulder,Buffaloes,#D9C994,#231F20,#FFFFFF,,Pac-12,FBS,"Regent Drive at Broadway, Boulder, CO, 80309-0017",40.0034756,-105.2676979Colorado State,Colorado State University,Rams,#008C75,#FFFFFF,#000000,#F8E793,Mountain West,FBS,"102 Administration Building, Fort Collins, CO, 80523-0100",40.57,-105.09Columbia,Columbia University: Columbia College,Lions,#7CC2F1,#004B85,#FFFFFF,,Ivy League,FCS,,,Connecticut,University of Connecticut,Huskies,#0A1D5A,#FFFFFF,#B2B2AE,,American Athletic,FBS,"2095 Hillside Road U-78, Storrs, CT, 06269",41.8072322,-72.2555779Cornell,Cornell University,Big Red,#D60027,#FFFFFF,#000000,,Ivy League,FCS,,,Dartmouth,Dartmouth College,Big Green,#005730,#FFFFFF,,,Ivy League,FCS,,,Davidson,Davidson College,Wildcats,#000000,#E51937,#FFFFFF,,Pioneer Football,FCS,,,Dayton,University of Dayton,Flyers,#151A66,#E70808,#FFFFFF,,Pioneer Football,FCS,,,Delaware,University of Delaware,Fightin' Blue Hens,#01539B,#FFDD00,#100A04,#FFFFFF,Colonial Athletic Association,FCS,,,Delaware State,Delaware State University,Hornets,#F11A2D,#01A9EF,#FFFFFF,#261511,MEAC,FCS,,,Drake,Drake University,Bulldogs,#0053A0,#FFFFFF,#B4B6B8,,Pioneer Football,FCS,,,Duke,Duke University,Blue Devils,#004C7D,#FFFFFF,,,ACC,FBS,"207 Allen Bldg, Durham, NC, 27708",36.0011241,-78.9373541Duquesne,Duquesne University,Dukes,#002D62,#D31145,#FFFFFF,,NEC,FCS,,,East Carolina,East Carolina University,Pirates,#4A1F68,#FFCE28,#FFFFFF,#000000,Conference USA,FBS,"East 5th Street, Greenville, NC, 27858-4353",35.6066409,-77.3559964Eastern Illinois,Eastern Illinois University,Panthers,#000000,#FFFFFF,#0675D0,,Ohio Valley,FCS,,,Eastern Kentucky,Eastern Kentucky University,Colonels,#730B27,#FFFFFF,#A7AAAB,,Ohio Valley,FCS,,,Eastern Michigan,Eastern Michigan University,Eagles,#0B5F24,#FFFFFF,#7F7F7F,,Mid-American,FBS,"120 Hover Hall, Ypsilanti, MI, 48197",42.2411499,-83.6129939Eastern Washington,Eastern Washington University,Eagles,#D72E34,#FFFFFF,#000000,,Big Sky,FCS,,,Elon,Elon University,Phoenix,#040404,#AEA460,#9E0152,#FFFFFF,Southern,FCS,,,Florida,University of Florida,Gators,#2139CE,#FF4208,#FFFFFF,#39734A,SEC,FBS,"355 Tigert Hall, Gainesville, FL, 32611-3115",29.6494114,-82.3398906Florida A&M,Florida Agricultural and Mechanical University,Rattlers,#F89728,#00B552,#FFFFFF,,MEAC,FCS,,,Florida Atlantic,Florida Atlantic University,Owls,#004B85,#FFFFFF,#CD1041,,Conference USA,FBS,"777 Glades Rd, Boca Raton, FL, 33431-0991",26.365668,-80.106093Florida International,Florida International University,Golden Panthers,#002D62,#C5960B,#FFFFFF,,Conference USA,FBS,"11200 SW 8th Street, Miami, FL, 33199",25.760996,-80.376256Florida State,Florida State University,Seminoles,#900028,#A8936B,#231F20,#FFFFFF,ACC,FBS,"211 Westcott Bldg, Tallahassee, FL, 32306-1037",30.4406686,-84.2916516Fordham,Fordham University,Rams,#830032,#FFFFFF,#1E1A1B,,Patriot League,FCS,,,Fresno State,California State University: Fresno,Bulldogs,#00427A,#E32F38,#FFFFFF,,Mountain West,FBS,,,Furman,Furman University,Paladins,#3A1769,#FFFFFF,,,Southern,FCS,,,Gardner-Webb,Gardner-Webb University,Runnin' Bulldogs,#BF2C37,#FFFFFF,#231F20,,Big South,FCS,,,Georgetown,Georgetown University,Hoyas,#49487C,#FFFFFF,#AC928A,,Patriot League,FCS,,,Georgia,University of Georgia,Bulldogs,#A0000B,#000000,#FFFFFF,,SEC,FBS,"The Administration Building, Athens, GA, 30602",33.9562215,-83.3739514Georgia Southern,Georgia Southern University,Eagles,#003775,#FFFFFF,#9B8348,#9DB7c4,Southern,FCS,,,Georgia State,Georgia State University,Panthers,#005DAA,#FFFFFF,#F8112B,,Sun Belt,FBS,,,Georgia Tech,Georgia Institute of Technology,Yellow Jackets,#160A06,#FDB813,#FFFFFF,,ACC,FBS,"225 North Ave, Atlanta, GA, 30332-0530",33.7724231,-84.3950522Grambling State,Grambling State University,Tigers,#F88400,#101008,#FFFFFF,,SWAC,FCS,,,Hampton,Hampton University,Pirates,#0067AC,#FFFFFF,#E5B67D,,MEAC,FCS,,,Harvard,Harvard University,Crimson,#C41130,#FFFFFF,#231F20,,Ivy League,FCS,,,Hawaii,University of Hawaii at Manoa,Warriors,#004231,#000000,#FFFFFF,,Mountain West,FBS,"2500 Campus Road, Hawaii Hall, Honolulu, HI, 96822-2301",21.2984111,-157.8202236Holy Cross,College of the Holy Cross,Crusaders,#090909,#1B2154,#FFFFFF,#909095,Patriot League,FCS,,,Houston,University of Houston,Cougars,#C90822,#012259,#FFFFFF,,American Athletic,FBS,"212 E. Cullen Building, Houston, TX, 77204-2018",29.72037,-95.34374Houston Baptist,,,,,,,Independent,FCS,,,Howard,Howard University,Bison,#EE3A43,#09347A,#FFFFFF,,MEAC,FCS,,,Idaho,University of Idaho,Vandals,#000000,#FFCC13,#FFFFFF,,Independent,FBS,"875 Perimeter Drive, Moscow, ID, 83844-2282",46.729084,-117.021692Idaho State,Idaho State University,Bengals,#FF8400,#000000,#FAD001,#FFFFFF,Big Sky,FCS,,,Illinois,University of Illinois at Urbana-Champaign,Fighting Illini,#F5873C,#1B4178,#FFFFFF,,Big 10,FBS,"601 E John Street, Champaign, IL, 61820-5711",40.1090648,-88.2303519Illinois State,Illinois State University,Redbirds,#E61731,#010000,#FFFFFF,#FEE818,Missouri Valley,FCS,,,Incarnate Word,,,,,,,Independent,FCS,,,Indiana,Indiana University Bloomington,Hoosiers,#A82B3D,#FFFFFF,,,Big 10,FBS,"107 South Indiana Ave., Bloomington, IN, 47405-7000",39.1664826,-86.5268958Indiana State,Indiana State University,Sycamores,#00669A,#FFFFFF,,,Missouri Valley,FCS,,,Iowa,University of Iowa,Hawkeyes,#000000,#FFD700,#FFFFFF,,Big 10,FBS,"101 Jessup Hall, Iowa City, IA, 52242-1316",41.6619401,-91.5365244Iowa State,Iowa State University,Cyclones,#840A2C,#FEC938,#FFFFFF,,Big 12,FBS,"Beardshear Hall, Ames, IA, 50011-2030",42.026063,-93.64807Jackson State,Jackson State University,Tigers,#123297,#FFFFFF,,,SWAC,FCS,,,Jacksonville,Jacksonville University,Dolphins,#008568,#FFFFFF,#000000,#8B8B8B,Pioneer Football,FCS,,,Jacksonville State,Jacksonville State University,Gamecocks,#E53F40,#FFFFFF,#1D1819,,Ohio Valley,FCS,,,James Madison,James Madison University,Dukes,#263997,#D5A10E,#FFFFFF,#B3B5B8,Colonial Athletic Association,FCS,,,Kansas,University of Kansas,Jayhawks,#006AB5,#FFFFFF,#FFD204,#E51837,Big 12,FBS,"1651 Naismith, Lawrence, KS, 66045",38.9541438,-95.2527379Kansas State,Kansas State University,Wildcats,#633194,#FFFFFF,,,Big 12,FBS,"Anderson Hall, Manhattan, KS, 66506",39.1885651,-96.5809246Kent State,Kent State University,Golden Flashes,#131149,#F7BD0A,#FFFFFF,,Mid-American,FBS,"PO Box 5190, Kent, OH, 44242-0001",41.1527662,-81.3492229Kentucky,University of Kentucky,Wildcats,#003399,#FFFFFF,#EBEBE4,,SEC,FBS,"101 Main Building, Lexington, KY, 40506-0032",38.046593,-84.496939Lafayette,Lafayette College,Leopards,#9A0024,#CDBDA3,#0B070B,#FFFFFF,Patriot League,FCS,,,Lamar,Lamar University,Cardinals,#231F20,#ED1B2E,#FFFFFF,#FCB131,Southland,FCS,,,Lehigh,Lehigh University,Mountain Hawks,#994708,#CFAB7A,#653600,#FFFFFF,Patriot League,FCS,,,Liberty,Liberty University,Flames,#02298A,#A70F00,#FFFFFF,,Big South,FCS,,,Louisiana Tech,Louisiana Tech University,Bulldogs,#006AB5,#ED1C24,#FFFFFF,,Conference USA,FBS,"305 Wisteria, Ruston, LA, 71272",32.5270368,-92.6491978Louisiana-Lafayette,University of Louisiana at Lafayette,Ragin' Cajuns,#D73347,#FFFFFF,#F4A42A,#231F20,Sun Belt,FBS,"104 University Circle, Lafayette, LA, 70503",30.2095864,-92.0085328Louisiana-Monroe,University of Louisiana at Monroe,Warhawks,#231F20,#98012E,#FFFFFF,#B38807,Sun Belt,FBS,,,Louisville,University of Louisville,Cardinals,#FD0B20,#070707,#FFFFFF,#FFC010,American Athletic,FBS,"2301 S 3rd St, Louisville, KY, 40292-0001",38.2150724,-85.7602816LSU,Louisiana State University and Agricultural and Mechanical College,Tigers,#33297B,#FDB827,#FFFFFF,,SEC,FBS,"P.O. Box 25095, Baton Rouge, LA, 70803-2750",30.41,-91.18Maine,University of Maine,Black Bears,#2E8DC4,#FFFFFF,#909090,#000000,Colonial Athletic Association,FCS,,,Marist,Marist College,Red Foxes,#EF1216,#FFFFFF,#210203,,Pioneer Football,FCS,,,Marshall,Marshall University,Thundering Herd,#01592F,#FFFFFF,#000000,,Conference USA,FBS,"1 John Marshall Dr, Huntington, WV, 25755",38.4231429,-82.4292749Maryland,University of Maryland: College Park,Terrapins,#D5002B,#FFFFFF,#000000,#C68746,ACC,FBS,"Main Administration Building, College Park, MD, 20742",38.9859861,-76.9397745Massachusetts,University of Massachusetts Amherst,Minutemen,#9F011A,#FFFFFF,#12090A,,Mid-American,FBS,,,McNeese State,McNeese State University,Cowboys,#FFD51D,#00529C,#FFFFFF,,Southland,FCS,,,Memphis,University of Memphis,Tigers,#2A2A9B,#FFFFFF,#FEC003,,American Athletic,FBS,"570 Normal St., Memphis, TN, 38152-3730",35.1156213,-89.9338615Mercer,,,,,,,Pioneer Football,FCS,,,Miami (FL),University of Miami,Hurricanes,#003E24,#E75C2D,#FFFFFF,,ACC,FBS,"University of Miami, Coral Gables, FL, 33124",25.75,-80.26Miami (OH),Miami University: Oxford Campus,RedHawks,#C60808,#080808,#FFFFFF,#3F7D91,Mid-American,FBS,"500 High St, Oxford, OH, 45056",39.5106603,-84.7315621Michigan,University of Michigan,Wolverines,#272341,#FAC417,#FFFFFF,,Big 10,FBS,"3014 Fleming Bldg, Ann Arbor, MI, 48109",42.2758366,-83.7427399Michigan State,Michigan State University,Spartans,#1C453A,#FFFFFF,#000000,,Big 10,FBS,"450 Administration Building, East Lansing, MI, 48824-1046",42.727247,-84.494436Middle Tennessee State,Middle Tennessee State University,Blue Raiders,#0079C2,#FFFFFF,#231F20,,Conference USA,FBS,"1301 East Main Street, Murfreesboro, TN, 37132",35.843317,-86.370542Minnesota,University of Minnesota: Twin Cities,Golden Gophers,#7F011B,#FFF63E,#FFFFFF,,Big 10,FBS,"100 Church Street SE, Minneapolis, MN, 55455-0213",44.975895,-93.234615Mississippi,University of Mississippi,Rebels,#002C91,#FF002C,#FFFFFF,,SEC,FBS,"1848 University Circle, University, MS, 38677-1848",34.3650835,-89.5356695Mississippi State,Mississippi State University,Bulldogs,#762123,#D1D5D8,#FFFFFF,,SEC,FBS,"PO Box 6018, Mississippi State, MS, 39762",33.45622,-88.795708Mississippi Valley State,Mississippi Valley State University,Delta Devils,#054105,#FFFFFF,,,SWAC,FCS,,,Missouri,University of Missouri: Columbia,Tigers,#231F20,#E8AF11,#FFFFFF,,SEC,FBS,"105 Jesse Hall, Columbia, MO, 65211",38.9451576,-92.328749Missouri State,Missouri State University,Bears,#5F0000,#FFFFFF,#000000,,Missouri Valley,FCS,,,Monmouth,Monmouth University,Hawks,#051844,#FFFFFF,#D7D8D8,,Independent,FCS,,,Montana,University of Montana-Missoula,Grizzlies,#751D4A,#FFFFFF,#181829,,Big Sky,FCS,,,Montana State,Montana State University: Bozeman,Bobcats,#003875,#D3AF7E,#FFFFFF,,Big Sky,FCS,,,Morehead State,Morehead State University,Eagles,#094FA3,#FFFFFF,#FFD51D,#040204,Pioneer Football,FCS,,,Morgan State,Morgan State University,Bears,#014786,#F47937,#FFFFFF,#231F20,MEAC,FCS,,,Murray State,Murray State University,Racers,#002148,#FFE000,#FFFFFF,,Ohio Valley,FCS,,,Navy,United States Naval Academy,Midshipmen,#131630,#FCBA29,#FFFFFF,,Independent,FBS,"52 King George Street, Annapolis, MD, 21402-1318",38.984232,-76.485615NDSU,North Dakota State University,Bison,#01402A,#FEBB1C,#FFFFFF,#221E1F,Missouri Valley,FCS,,,Nebraska,University of Nebraska - Lincoln,Cornhuskers,#F20017,#FFFFFF,,,Big 10,FBS,"14th and R St, Lincoln, NE, 68588",40.8169285,-96.701134Nevada,University of Nevada: Reno,Wolf Pack,#153E5F,#FFFFFF,,,Mountain West,FBS,"1664 North Virginia St, Reno, NV, 89557",39.5454191,-119.8156929New Hampshire,University of New Hampshire,Wildcats,#004990,#FFFFFF,#C3C4C6,,Colonial Athletic Association,FCS,,,New Mexico,University of New Mexico,Lobos,#000000,#D41045,#FFFFFF,#C4C4C4,Mountain West,FBS,"1700 Lomas Blvd NE, Albuquerque, NM, 87106",35.089776,-106.625018New Mexico State,New Mexico State University,Aggies,#891216,#221E1F,#FFFFFF,,Independent,FBS,"2850 Weddell Street, Las Cruces, NM, 88003-8001",32.2824557,-106.7533096Nicholls State,Nicholls State University,Colonels,#C41230,#FFFFFF,#231F20,,Southland,FCS,,,Norfolk State,Norfolk State University,Spartans,#046546,#FFFFFF,#F1C409,,MEAC,FCS,,,North Carolina,University of North Carolina at Chapel Hill,Tar Heels,#98BFE5,#FFFFFF,#00275D,,ACC,FBS,"103 South Bldg Cb 9100, Chapel Hill, NC, 27599",35.908807,-79.131619North Carolina A&T,North Carolina Agricultural and Technical State University,Aggies,#0505AA,#FFFFFF,#FFFF63,,MEAC,FCS,,,North Carolina Central,North Carolina Central University,Eagles,#880023,#1A1818,#FFFFFF,#8E9093,MEAC,FCS,,,North Carolina State,North Carolina State University,Wolfpack,#EF1216,#FFFFFF,#221E1F,,ACC,FBS,"2101 Hillsborough Street, Raleigh, NC, 27695-7001",35.7863799,-78.6631452North Dakota,University of North Dakota,Fighting Sioux,#702D07,#FFFFFF,#E22D33,#00A26B,Big Sky,FCS,,,North Texas,University of North Texas,Mean Green,#00853D,#FFFFFF,#2D2327,,Conference USA,FBS,"Chestnut Ave., Denton, TX, 76203-1277",33.2115618,-97.1519679Northern Arizona,Northern Arizona University,Lumberjacks,#003976,#FFFFFF,#629181,#FFD51F,Big Sky,FCS,,,Northern Colorado,University of Northern Colorado,Bears,#13558D,#F9D245,#FFFFFF,,Big Sky,FCS,,,Northern Illinois,Northern Illinois University,Huskies,#F1122C,#0F0D0D,#FFFFFF,,Mid-American,FBS,"1425 W. Lincoln Hwy., Dekalb, IL, 60115-2828",41.9307639,-88.7799761Northern Iowa,University of Northern Iowa,Panthers,#473282,#E4AE2F,#FFFFFF,,Missouri Valley,FCS,,,Northwestern,Northwestern University,Wildcats,#393996,#FFFFFF,#000000,,Big 10,FBS,"633 Clark St, Evanston, IL, 60208",42.049972,-87.6798976Northwestern State,Northwestern State University,Demons,#492F91,#F68428,#FFFFFF,,Southland,FCS,,,Notre Dame,University of Notre Dame,Fighting Irish,#00122B,#BAA008,#FFFFFF,,Independent,FBS,"400 Main Bldg, Notre Dame, IN, 46556",41.6808617,-86.2520306Ohio,Ohio University,Bobcats,#295A29,#FFFFFF,#E7CEAD,#313139,Mid-American,FBS,"Cutler Hall, Athens, OH, 45701-2979",39.3261847,-82.1003267Ohio State,Ohio State University: Columbus Campus,Buckeyes,#DE3121,#FFFFFF,#080808,#C5CCCF,Big 10,FBS,"190 N. Oval Mall, Columbus, OH, 43210",40.0007307,-83.0117318Oklahoma,University of Oklahoma,Sooners,#BA0034,#FFFFFF,#000000,,Big 12,FBS,"660 Parrington Oval, Norman, OK, 73019-3072",35.20909,-97.445683Oklahoma State,Oklahoma State University,Cowboys,#FF6500,#000000,#FFFFFF,,Big 12,FBS,"107 Whitehurst, Stillwater, OK, 74078-1015",36.1220367,-97.0705587Old Dominion,Old Dominion University,Monarchs,#00507D,#FFFFFF,#999DA0,,Independent,FCS,,,Oregon,University of Oregon,Ducks,#044520,#F4E600,#FFFFFF,,Pac-12,FBS,"110 Johnson Hall, Eugene, OR, 97403",44.0447612,-123.0745968Oregon State,Oregon State University,Beavers,#000203,#AE3800,#FFFFFF,,Pac-12,FBS,"Kerr Administration Building, Corvallis, OR, 97331",44.5640676,-123.2745382Penn State,The Pennsylvania State University,Nittany Lions,#00265D,#FFFFFF,,,Big 10,FBS,,,Pennsylvania,University of Pennsylvania,Quakers,#082A74,#FFFFFF,#AC0218,,Ivy League,FCS,,,Pittsburgh,University of Pittsburgh,Panthers,#003263,#FFFFFF,#242021,,ACC,FBS,"4200 Fifth Avenue, Pittsburgh, PA, 15260",40.4444326,-79.954759Portland State,Portland State University,Vikings,#005E60,#BFCFD8,#FFFFFF,,Big Sky,FCS,,,Prairie View A&M,Prairie View A&M University,Panthers,#5A185C,#FFBD29,#181821,#FFFFFF,SWAC,FCS,,,Presbyterian,Presbyterian College,Blue Hose,#194896,#FFFFFF,#AA153B,,Big South,FCS,,,Princeton,Princeton University,Tigers,#F9A13A,#231F20,#FFFFFF,,Ivy League,FCS,,,Purdue,Purdue University,Boilermakers,#000000,#B89D29,#FFFFFF,#9FA3A6,Big 10,FBS,"Hovde Hall of Administration, West Lafayette, IN, 47907-2040",40.4282164,-86.9143966Rhode Island,University of Rhode Island,Rams,#3691C6,#003559,#FFFFFF,,Colonial Athletic Association,FCS,,,Rice,Rice University,Owls,#003D7D,#FFFFFF,,,Conference USA,FBS,"6100 S Main, Houston, TX, 77005",29.7126665,-95.4041068Richmond,University of Richmond,Spiders,#9E0712,#003256,#FFFFFF,,Colonial Athletic Association,FCS,,,Robert Morris,Robert Morris College,Colonials,#00214D,#AF1C2E,#FFFFFF,#BEB9B4,NEC,FCS,,,Rutgers,Rutgers,Scarlet Knights,#EE363D,#FFFFFF,#0E1112,,American Athletic,FBS,"83 Somerset St, New Brunswick, NJ, 08901-1281",40.4978792,-74.4463361Sacramento State,California State University: Sacramento,Hornets,#00573C,#FFFFFF,#B4985A,,Big Sky,FCS,,,Sacred Heart,Sacred Heart University,Pioneers,#CE1040,#FFFFFF,#B1B3B6,,NEC,FCS,,,Saint Francis,Saint Francis University,Red Flash,#F41650,#1E1719,#FFFFFF,,NEC,FCS,,,Sam Houston State,Sam Houston State University,Bearkats,#F78F1E,#231F20,#FFFFFF,,Southland,FCS,,,Samford,Samford University,Bulldogs,#005485,#D2D4D5,#C72D30,#FFFFFF,Southern,FCS,,,San Diego,University of San Diego,Toreros,#2f99d4,#00275d,#FFFFFF,,Pioneer Football,FCS,,,San Diego State,San Diego State University,Aztecs,#231F20,#BF2C37,#7C6642,#FFFFFF,Mountain West,FBS,"5500 Campanile Dr, San Diego, CA, 92182",32.7727078,-117.0765114San Jose State,San Jose State University,Spartans,#005893,#FFC021,#FFFFFF,,Mountain West,FBS,"1 Washington Sq, San Jose, CA, 95192-0001",37.3348412,-121.8849198Savannah State,Savannah State University,Tigers,#280298,#FF0000,#FFFFFF,,MEAC,FCS,,,SMU,Southern Methodist University,Mustangs,#E32F38,#FFFFFF,,,American Athletic,FBS,"6425 Boaz St, Dallas, TX, 75275-0221",32.844918,-96.785785South Alabama,University of South Alabama,Jaguars,#003E7E,#FFFFFF,#D11241,,Sun Belt,FBS,,,South Carolina,University of South Carolina-Columbia,Gamecocks,#CD0000,#000000,#FFFFFF,,SEC,FBS,"1300 Rosewood Drive, Columbia, SC, 29208",33.9808047,-81.0227005South Carolina State,South Carolina State University,Bulldogs,#7E1812,#080D35,#050305,#FFFFFF,MEAC,FCS,,,South Dakota,University of South Dakota,Coyotes,#CD1241,#231F20,#B3B5B8,#FFFFFF,Missouri Valley,FCS,,,South Dakota State,South Dakota State University,Jackrabbits,#005DAB,#FFDE00,#FFFFFF,,Missouri Valley,FCS,,,South Florida,University of South Florida,Bulls,#004A36,#FFFFFF,#A08B4D,,American Athletic,FBS,"4202 East Fowler Ave, Tampa, FL, 33620-9951",28.0545918,-82.4136143Southeast Missouri State,Southeast Missouri State University,Redhawks,#E2373E,#231F20,#FFFFFF,,Ohio Valley,FCS,,,Southeastern Louisiana,Southeastern Louisiana University,Lions,#007550,#F0B510,#231F20,#FFFFFF,Southland,FCS,,,Southern Illinois,Southern Illinois University Carbondale,Salukis,#85283D,#000000,#FFFFFF,,Missouri Valley,FCS,,,Southern Miss,University of Southern Mississippi,Golden Eagles,#FFAA3C,#201C1D,#FFFFFF,,Conference USA,FBS,"118 College Drive # 0001, Hattiesburg, MS, 39406-0001",31.3296966,-89.295482Southern University,Southern University and Agricultural and Mechanical College,Jaguars,#004B97,#FFCD02,#FFFFFF,,SWAC,FCS,,,Southern Utah,Southern Utah University,Thunderbirds,#D12947,#050607,#FFFFFF,,Big Sky,FCS,,,Stanford,Stanford University,Cardinal,#A80532,#FFFFFF,,,Pac-12,FBS,"450 Serra Mall, Stanford, CA, 94305",37.428443,-122.1695305Stephen F. Austin,Stephen F. Austin State University,Lumberjacks,#393996,#EE3A42,#FFFFFF,,Southland,FCS,,,Stetson,,,,,,,Pioneer Football,FCS,,,Stony Brook,State University of New York at Stony Brook,Seawolves,#115F9A,#B33A4E,#FFFFFF,,Colonial Athletic Association,FCS,,,Syracuse,Syracuse University,Orange,#002D62,#F37321,#FFFFFF,,ACC,FBS,"Suite 600 Crouse-Hinds Hall, Syracuse, NY, 13244-1100",43.040248,-76.1370235TCU,Texas Christian University,Horned Frogs,#3C377D,#EBEBEB,#FFFFFF,#1E1B1C,Big 12,FBS,"2800 S University Dr, Fort Worth, TX, 76129",32.7118466,-97.363079Temple,Temple University,Owls,#A80532,#FFFFFF,#000000,,American Athletic,FBS,"1801 North Broad Street, Philadelphia, PA, 19122-6096",39.980271,-75.157053Tennessee,University of Tennessee: Knoxville,Volunteers,#EE9627,#FFFFFF,,,SEC,FBS,,,Tennessee State,Tennessee State University,Tigers,#383C84,#FFFFFF,#060607,,Ohio Valley,FCS,,,Tennessee Tech,Tennessee Technological University,Golden Eagles,#5A4099,#FFDE00,#FFFFFF,,Ohio Valley,FCS,,,Tennessee-Martin,University of Tennessee: Martin,Skyhawks,#FF6700,#000099,#FFFFFF,,Ohio Valley,FCS,,,Texas,The University of Texas at Austin,Longhorns,#EE7524,#FFFFFF,,,Big 12,FBS,"1 University Station, Austin, TX, 78712",30.281613,-97.731489Texas A&M,Texas A&M University,Aggies,#5C0025,#FFFFFF,,,SEC,FBS,"MS 1246, College Station, TX, 77843",32.7478079,-97.0217213Texas Southern,Texas Southern University,Tigers,#6A0403,#FFFFFF,,,SWAC,FCS,,,Texas State,Texas State University-San Marcos,Bobcats,#744143,#9B8449,#FFFFFF,,Sun Belt,FBS,,,Texas Tech,Texas Tech University,Red Raiders,#C80025,#000000,#FFFFFF,,Big 12,FBS,"Broadway and University Avenue, Lubbock, TX, 79409-5005",33.5845327,-101.8707027The Citadel,The Citadel,Bulldogs,#002B5C,#FFFFFF,,,Southern,FCS,,,Toledo,University of Toledo,Rockets,#00488F,#FFD51D,#FFFFFF,,Mid-American,FBS,"2801 W Bancroft, Toledo, OH, 43606-3390",41.6585172,-83.6120617Towson,Towson University,Tigers,#FFC229,#1E1C1C,#FFFFFF,,Colonial Athletic Association,FCS,,,Troy,Troy University,Trojans,#AE0210,#FFFFFF,#6E7272,#000000,Sun Belt,FBS,"University Avenue, Troy, AL, 36082-0001",31.7983394,-85.9572618Tulane,Tulane University,Green Wave,#005837,#FFFFFF,#6EA396,#00A6eb,Conference USA,FBS,"6823 Saint Charles Ave, New Orleans, LA, 70118-5698",29.934585,-90.1230366Tulsa,University of Tulsa,Golden Hurricane,#004371,#FFFFFF,#E21721,#000000,Conference USA,FBS,"800 South Tucker Drive, Tulsa, OK, 74104-3189",36.1491309,-95.9464523UAB,The University of Alabama at Birmingham,Blazers,#054338,#040504,#FFFFFF,#E7BD05,Conference USA,FBS,,,UC Davis,University of California: Davis,Aggies,#183563,#CB992B,#FFFFFF,#CCCCCD,Big Sky,FCS,,,UCF,University of Central Florida,Knights,#231F20,#B4985A,#FFFFFF,,American Athletic,FBS,,,UCLA,University of California: Los Angeles,Bruins,#005C8E,#FFB325,#000000,#FFFFFF,Pac-12,FBS,"405 Hilgard Ave, Los Angeles, CA, 90095-1405",34.0709334,-118.4421229UNC Charlotte,,,,,,,Independent,FCS,,,UNLV,University of Nevada: Las Vegas,Rebels,#231E1F,#D50026,#FFFFFF,,Mountain West,FBS,,,USC,University of Southern California,Trojans,#AE2531,#FFAC33,#FFFFFF,,Pac-12,FBS,"University Park, Los Angeles, CA, 90089",34.0133669,-118.1682199Utah,University of Utah,Utes,#CD1041,#231F20,#FFFFFF,,Pac-12,FBS,"201 Presidents Circle, Room 203, Salt Lake City, UT, 84112-9008",40.765023,-111.848931Utah State,Utah State University,Aggies,#003263,#FFFFFF,#000000,,Mountain West,FBS,"Old Main Hill, Logan, UT, 84322-1400",41.7408463,-111.8157639UTEP,University of Texas-El Paso,Miners,#002843,#F9783B,#FFFFFF,#C2BFBC,Conference USA,FBS,"500 W. University Ave, El Paso, TX, 79968-0691",31.7704338,-106.5043979UTSA,University of Texas at San Antonio,Roadrunners,#002A5C,#F47321,#FFFFFF,,Conference USA,FBS,,,Valparaiso,Valparaiso University,Crusaders,#794500,#FFD204,#FFFFFF,,Pioneer Football,FCS,,,Vanderbilt,Vanderbilt University,Commodores,#000000,#BB8D09,#FFFFFF,,SEC,FBS,"2101 West End Avenue, Nashville, TN, 37240",36.1504349,-86.801199Villanova,Villanova University,Wildcats,#123d7C,#FFFFFF,#80FBFF,,Colonial Athletic Association,FCS,,,Virginia,University of Virginia,Cavaliers,#00204E,#EA4B0F,#FFFFFF,,ACC,FBS,"PO Box 400224, Charlottesville, VA, 22904",38.0334517,-78.514259Virginia Tech,Virginia Polytechnic Institute & State University,Hokies,#74232D,#FBB088,#FFFFFF,,ACC,FBS,,,VMI,Virginia Military Institute,Keydets,#000000,#E52D37,#FFC527,#FFFFFF,Big South,FCS,,,Wagner,Wagner College,Seahawks,#00483A,#FFFFFF,#BABCBE,,NEC,FCS,,,Wake Forest,Wake Forest University,Demon Deacons,#000000,#C49544,#FFFFFF,,ACC,FBS,"1834 Wake Forest Road, Winston Salem, NC, 27106",36.1318798,-80.2803994Washington,University of Washington,Huskies,#2B2F64,#E8D4A3,#FFFFFF,,Pac-12,FBS,"1400 NE Campus Parkway, Seattle, WA, 98195-4550",47.6562222,-122.3132446Washington State,Washington State University,Cougars,#97002F,#FFFFFF,,,Pac-12,FBS,"French Administration Building, Pullman, WA, 99164-1009",46.7304147,-117.158331Weber State,Weber State University,Wildcats,#29086B,#FFFFFF,,,Big Sky,FCS,,,West Virginia,West Virginia University,Mountaineers,#FFC600,#000000,#FFFFFF,,Big 12,FBS,"Stewart Hall, University Avenue, Morgantown, WV, 26506-6201",39.6347691,-79.9545878Western Carolina,Western Carolina University,Catamounts,#492F91,#FFFFFF,#CFAB7A,,Southern,FCS,,,Western Illinois,Western Illinois University,Leathernecks,#6812BB,#DFFF16,#FFFFFF,,Missouri Valley,FCS,,,Western Kentucky,Western Kentucky University,Hilltoppers,#F32026,#010000,#FFFFFF,,Sun Belt,FBS,"1906 College Heights Blvd, Bowling Green, KY, 42101-1000",36.9876083,-86.4508795Western Michigan,Western Michigan University,Broncos,#7E3E09,#FFFFFF,#B59966,#1D1B1B,Mid-American,FBS,"1903 West Michigan Avenue, Kalamazoo, MI, 49008-5167",42.2836106,-85.6199488William & Mary,College of William and Mary,Tribe,#103217,#FDF71C,#FFFFFF,,Colonial Athletic Association,FCS,,,Wisconsin,University of Wisconsin-Madison,Badgers,#A00000,#000000,#FFFFFF,,Big 10,FBS,"500 Lincoln Dr, Madison, WI, 53706-1380",43.0746351,-89.403633Wofford,Wofford College,Terriers,#000000,#FFD700,#FFFFFF,,Southern,FCS,,,Wyoming,University of Wyoming,Cowboys,#533B22,#000000,#FFFFFF,,Mountain West,FBS,"Corner of Ninth and Ivinson, Laramie, WY, 82071",41.3114964,-105.5856475Yale,Yale University,Bulldogs,#004A81,#040404,#FFFFFF,,Ivy League,FCS,,,Youngstown State,Youngstown State University,Penguins,#E51937,#231F20,#FFFFFF,,Missouri Valley,FCS,,,